{
    "loss": 3.798447847366333,
    "accuracy": 0.673202633857727
}