{
    "loss": 3.9188549518585205,
    "accuracy": 0.7599999904632568
}