{
    "loss": 1.0134068727493286,
    "accuracy": 0.8765432238578796
}